[
  {
    "Id": 1,
    "Name": "Skydeevent 1",
    "Date": "2023-12-14T12:04:00",
    "Description": "F\u00F8rste skydetr\u00E6ning",
    "location": null
  },
  {
    "Id": 2,
    "Name": "Skydeevent 2 test",
    "Date": "2023-12-02T12:09:00",
    "Description": "Skydetr\u00E6ning 2 test",
    "location": null
  },
  {
    "Id": 3,
    "Name": "Event 3",
    "Date": "2023-12-22T22:22:00",
    "Description": "Beskrivelse",
    "location": null
  },
  {
    "Id": 5,
    "Name": "test",
    "Date": "2023-12-20T13:13:00",
    "Description": null,
    "location": null
  }
]