[
  {
    "EventId": 1,
    "Name": "abe test",
    "Date": "2024-01-03T03:52:00",
    "Description": "nejjjj",
    "location": null
  },
  {
    "EventId": 2,
    "Name": "nice",
    "Date": "2024-10-22T01:14:00",
    "Description": "dewq",
    "location": null
  },
  {
    "EventId": 3,
    "Name": "test 4",
    "Date": "2023-12-20T17:52:00",
    "Description": "nice lol3",
    "location": null
  },
  {
    "EventId": 4,
    "Name": "test tan 2",
    "Date": "2024-01-07T23:00:00",
    "Description": "nu har det bare at virke 2",
    "location": null
  }
]